"etahat_0","etahat_1","cov_00","cov_01","cov_11","rdhat","rrhat","var_rd","var_rr","Estimator","Version","eta_0","eta_1","rd","rr","seed","m","n_trial","n_aux","p_resp","p_cens"
0.436006896186857,0.37104656339909,0.00222451477502368,3.13058560091937e-05,0.0028338881722221,-0.064960332787767,0.851010767591329,0.0049957912352274,0.0231014992530829,"AIPW","Naive",0.48428801665316,0.347141158297119,-0.137146858356041,0.716807243541061,1,20,500,500,0.5,0.3
0.485913421347132,0.308473826532769,0.00253884217368584,0.000310164989786802,0.00602001034345167,-0.177439594814363,0.634832900226474,0.0079385225375639,0.0281620354899421,"AIPW","Proposed",0.48428801665316,0.347141158297119,-0.137146858356041,0.716807243541061,1,20,500,500,0.5,0.3
0.463242628854963,0.357460420179017,0.000207324603358544,-7.32846608109374e-06,0.000315593678433101,-0.105782208675946,0.771648371529587,0.000537575213953832,0.00209863206215049,"AIPW","Naive",0.493437936366908,0.346959432720684,-0.146478503646224,0.703147056903006,1,20,5000,500,0.5,0.3
0.53499752849933,0.311454305534764,0.000860600457424277,0.000351382151484774,0.000972604765119119,-0.223543222964566,0.582160269802357,0.00113044091957385,0.00298771179961435,"AIPW","Proposed",0.493437936366908,0.346959432720684,-0.146478503646224,0.703147056903006,1,20,5000,500,0.5,0.3
0.435769866820671,0.380158226842336,0.00225279251687905,3.57129791152315e-05,0.00288463078248939,-0.0556116399783347,0.872383007149918,0.00506599734113798,0.0238911160819491,"AIPW","Naive",0.48428801665316,0.347141158297119,-0.137146858356041,0.716807243541061,1,20,500,5000,0.5,0.3
0.536175373882794,0.270064594075739,0.00326891475113994,2.20569578234958e-05,0.00850962721175315,-0.266110779807054,0.503687053211762,0.0117344280472461,0.0324078292011491,"AIPW","Proposed",0.48428801665316,0.347141158297119,-0.137146858356041,0.716807243541061,1,20,500,5000,0.5,0.3
0.463440993436398,0.358075884703063,0.000207629052195046,-7.37145767550033e-06,0.000315793914134738,-0.105365108733335,0.77264611843666,0.000538165881680785,0.00210047918466741,"AIPW","Naive",0.493437936366908,0.346959432720684,-0.146478503646224,0.703147056903006,1,20,5000,5000,0.5,0.3
0.508560171501857,0.351137128137259,0.000294885226084409,2.00884466566946e-05,0.000741506087460413,-0.157423043364598,0.69045345627499,0.000996214420231433,0.00330330537713605,"AIPW","Proposed",0.493437936366908,0.346959432720684,-0.146478503646224,0.703147056903006,1,20,5000,5000,0.5,0.3
