"etahat_0","etahat_1","cov_00","cov_01","cov_11","rdhat","rrhat","var_rd","var_rr","Estimator","Version","eta_0","eta_1","rd","rr","seed","m","n_trial","n_aux","p_resp","p_cens"
0.484871299270051,0.401329945902667,0.00235798459804127,0.000129403772367187,0.00346928462910151,-0.0835413533673841,0.827704066020919,0.0055684616824084,0.020716742057174,"AIPW","Naive",0.49815153137096,0.341595107945248,-0.156556423425712,0.68572529929828,7000001,20,500,500,0.5,0.3
0.519514197565256,0.426047193450188,0.00212661817190625,0.00023273554624043,0.012107056537085,-0.0934670041150685,0.820087680850477,0.0137682036165104,0.0487433010326095,"AIPW","Proposed",0.49815153137096,0.341595107945248,-0.156556423425712,0.68572529929828,7000001,20,500,500,0.5,0.3
0.459210490317859,0.380768224133951,0.000226320290816651,-6.14795246199627e-06,0.000310243433916815,-0.0784422661839074,0.82918015193945,0.000548859629657458,0.00225747377631216,"AIPW","Naive",0.49953788284274,0.345822106876311,-0.153715775966429,0.692284046423721,7000001,20,5000,500,0.5,0.3
0.507514848381636,0.341030832763097,0.00097220993687415,0.000390721353688645,0.00129037827405089,-0.166484015618539,0.671962276277387,0.00148114550354774,0.00467545613860249,"AIPW","Proposed",0.49953788284274,0.345822106876311,-0.153715775966429,0.692284046423721,7000001,20,5000,500,0.5,0.3
0.45392437080069,0.365885852735008,0.00202462285269946,5.43551769056479e-05,0.00305074070471251,-0.0880385180656824,0.806050250374553,0.00496665320360068,0.0207648723411943,"AIPW","Naive",0.49815153137096,0.341595107945248,-0.156556423425712,0.68572529929828,7000001,20,500,5000,0.5,0.3
0.534203128806506,0.432101041404144,0.00216361331769155,3.49512108737522e-06,0.00931268292114022,-0.102102087402362,0.808870293158945,0.011469305996657,0.0375740492029568,"AIPW","Proposed",0.49815153137096,0.341595107945248,-0.156556423425712,0.68572529929828,7000001,20,500,5000,0.5,0.3
0.458713621661242,0.380002946106185,0.000225453562611859,-6.09756646083739e-06,0.000310190456728545,-0.078710675555057,0.828409988632985,0.000547839152262078,0.00225747354343283,"AIPW","Naive",0.49953788284274,0.345822106876311,-0.153715775966429,0.692284046423721,7000001,20,5000,5000,0.5,0.3
0.521958576811988,0.355355127150169,0.000343881980938391,2.37098365842943e-05,0.000950155794640609,-0.166603449661819,0.680810974159296,0.00124661810241041,0.00395411650985211,"AIPW","Proposed",0.49953788284274,0.345822106876311,-0.153715775966429,0.692284046423721,7000001,20,5000,5000,0.5,0.3
