"etahat_0","etahat_1","cov_00","cov_01","cov_11","rdhat","rrhat","var_rd","var_rr","Estimator","Version","eta_0","eta_1","rd","rr","seed","m","n_trial","n_aux","p_resp","p_cens"
0.537374291051906,0.342429559199443,0.00213931314555894,0.000124903434037148,0.00279722480799013,-0.194944731852463,0.63722728255038,0.00468673108547477,0.0121436225072527,"AIPW","Naive",0.50277270294356,0.343618190738884,-0.159154512204676,0.683446393821936,8000001,20,500,500,0.5,0.3
0.583061993115994,0.262496196165805,0.00271555968465309,0.00031450830708597,0.00527669785605633,-0.320565796950189,0.45020289311429,0.00736324092653748,0.0163074731584984,"AIPW","Proposed",0.50277270294356,0.343618190738884,-0.159154512204676,0.683446393821936,8000001,20,500,500,0.5,0.3
0.435561975790348,0.39855203281152,0.000215992247632375,-6.78072912022565e-06,0.000320035252778571,-0.0370099429788277,0.915029444634896,0.000549588958651398,0.00270559631550116,"AIPW","Naive",0.495563675290304,0.34740604288672,-0.148157632403584,0.70103209780904,8000001,20,5000,500,0.5,0.3
0.461473151185978,0.361602939751048,0.000766114255973961,0.000358512726342856,0.00131939746333819,-0.0998702114349304,0.783583917767988,0.00136848626662644,0.00576615079552317,"AIPW","Proposed",0.495563675290304,0.34740604288672,-0.148157632403584,0.70103209780904,8000001,20,5000,500,0.5,0.3
0.522197469600913,0.317460621500592,0.00200022484613823,9.40517099279095e-05,0.00249936181774207,-0.204736848100321,0.607932132921306,0.00431148324402448,0.011457154644223,"AIPW","Naive",0.50277270294356,0.343618190738884,-0.159154512204676,0.683446393821936,8000001,20,500,5000,0.5,0.3
0.55141766812829,0.219388632122726,0.00216268889793992,2.02524272351478e-05,0.00419090649376347,-0.332029036005564,0.397862899220132,0.00631309053723309,0.0148559897583507,"AIPW","Proposed",0.50277270294356,0.343618190738884,-0.159154512204676,0.683446393821936,8000001,20,500,5000,0.5,0.3
0.435125866666346,0.397990788756924,0.00021777435394311,-6.82679651661737e-06,0.000319936196225478,-0.0371350779094217,0.914656698775628,0.000551364143201823,0.00271801408058307,"AIPW","Naive",0.495563675290304,0.34740604288672,-0.148157632403584,0.70103209780904,8000001,20,5000,5000,0.5,0.3
0.509790088543888,0.379928002834163,0.000819274461989648,2.017330335316e-05,0.0010522790828125,-0.129862085709726,0.745263612165058,0.00183120693809583,0.00568422408108046,"AIPW","Proposed",0.495563675290304,0.34740604288672,-0.148157632403584,0.70103209780904,8000001,20,5000,5000,0.5,0.3
